,LOJA,NOME SEÇÃO,ESPACO,FATURAMENTO
0,27,(DESATIVADA)AMACIANTE,0.0,0.0
1,27,ACESSORIOS LIMPEZA/BAZAR,1.0404100814210293,22143.94
2,27,AGUA SANITARIA,0.8931849791376911,39083.21
3,27,ALCOOL,0.7352998856022226,32791.4
4,27,ALVEJANTE/TIRA MANCHAS,1.4270166898470098,32835.86
5,27,AMACIANTE CONCENTRADO,2.6,124480.76999999999
6,27,AMACIANTE DILUIDO,1.1450331125827815,46842.5
7,27,CERA P/ASSOALHOS,0.18881061406598568,5684.87
8,27,CLORO/PISCINA,0.116846314325452,940.23
9,27,CONCENTRADO LIMPEZA,3.5880424446485053,74376.29
10,27,COZINHA/CAUSTICO,0.13440574730595034,10410.039999999999
11,27,DESENGORDURANTE,0.7219740746525066,15495.18
12,27,DESINFETANTES,1.5907250678635008,23742.579999999998
13,27,DESODORIZADOR SANITARIO,0.5729916567342074,26632.76
14,27,DETERGENTE LIQUIDO,1.894271460361613,76713.89
15,27,ESPONJA SINTETICA,1.7780200353565117,23651.64
16,27,EVITA MOFO,0.7051778795350476,5466.68
17,27,INSETICIDAS,1.159347872115181,18761.36
18,27,LAS DE ACO,0.12180318208603418,6500.19
19,27,LENCO HIGIENICO UMEDECIDO,0.3742617991372844,2791.49
20,27,LIMPA CARPETE,0.02686391922038276,618.51
21,27,LIMPA VIDROS,0.5285831018140219,12006.17
22,27,LIMPADORES C/BRILHO,0.22953190556174966,3560.56
23,27,LIMPEZA ESPECIFICA/POLIDORES,0.04791503982508199,847.17
24,27,LIMPEZA ROUPA,0.17099365740665143,2791.64
25,27,LOJAS ADQUIRIDAS LIMPEZA,0.0,0.0
26,27,LUSTRA MOVEIS,0.16957849007866618,7398.139999999999
27,27,LUVAS,0.2838125665601704,6413.64
28,27,PANOS LIMPEZA,0.73629379514121,21576.79
29,27,PAPEL HIGIENICO,4.87668529426572,397112.26
30,27,PRENDEDOR/ VARAL,0.2817091781120558,6527.91
31,27,PROD. P/MAQUINA LAVAR LOUCA,0.6252800000000001,10287.27
32,27,PRODUTOS LIMPEZA BANHEIRO,1.3,24450.29
33,27,PROTECAO SAPATO,0.05769637196195844,3161.61
34,27,PURIFICADOR AR/ROUPA,0.7270083432657927,35641.25
35,27,REPELENTE INSETO/COSMETICO,4.040652127884819,2722.63
36,27,SABAO BARRA,0.873185088293002,24710.2
37,27,SABAO EM PO,3.9000000000000004,325646.3
38,27,SABAO LIQUIDO,2.6,138126.51
39,27,SACO P/LIXO,1.0161874334398298,67703.42
40,27,SAPONACEO,0.39570513821646097,24794.68
41,27,VASSOURA,0.40469565217391307,12957.42
42,43,(DESATIVADA)AMACIANTE,0.0,0.0
43,43,ACESSORIOS LIMPEZA/BAZAR,2.57284116005963,58407.2
44,43,AGUA SANITARIA,1.877738193112268,113796.46
45,43,ALCOOL,0.750651828298887,68109.23
46,43,ALVEJANTE/TIRA MANCHAS,2.7612094637800313,111992.38
47,43,AMACIANTE CONCENTRADO,3.7199999999999998,309701.99
48,43,AMACIANTE DILUIDO,2.2218743934562597,122896.56
49,43,CERA P/ASSOALHOS,0.37109553309422894,16237.96
50,43,CLORO/PISCINA,0.18573125057093268,2684.2200000000003
51,43,CONCENTRADO LIMPEZA,4.434403576536409,189557.38999999998
52,43,COZINHA/CAUSTICO,0.13440574730595034,15857.289999999999
53,43,DESENGORDURANTE,0.7219740746525066,35745.46
54,43,DESINFETANTES,3.3539513005465755,81414.29
55,43,DESODORIZADOR SANITARIO,1.717438510396769,99588.76
56,43,DETERGENTE LIQUIDO,2.6415638987850554,194156.92
57,43,ESPONJA SINTETICA,2.360730779679435,66537.49
58,43,EVITA MOFO,1.2115124708195109,29072.489999999998
59,43,INSETICIDAS,2.1795475296743434,75178.02
60,43,LAS DE ACO,0.23926922032056508,16045.3
61,43,LENCO HIGIENICO UMEDECIDO,0.4020246253936316,10545.199999999999
62,43,LIMPA CARPETE,0.03730029344636453,1420.78
63,43,LIMPA VIDROS,0.5142130365659778,19992.84
64,43,LIMPADORES C/BRILHO,0.32625742255733675,11131.789999999999
65,43,LIMPEZA ESPECIFICA/POLIDORES,0.08425998791841122,6310.37
66,43,LIMPEZA ROUPA,0.3252100149477213,13237.78
67,43,LOJAS ADQUIRIDAS LIMPEZA,0.0,0.0
68,43,LUSTRA MOVEIS,0.4963482230192371,24843.739999999998
69,43,LUVAS,0.4024957290351333,13855.6
70,43,PANOS LIMPEZA,2.1126394061000013,45761.07
71,43,PAPEL HIGIENICO,7.042789820923658,957779.19
72,43,PRENDEDOR/ VARAL,0.25781783070486003,15137.04
73,43,PROD. P/MAQUINA LAVAR LOUCA,1.3,35931.3
74,43,PRODUTOS LIMPEZA BANHEIRO,1.3,55423.27
75,43,PROTECAO SAPATO,0.10935767851320509,7984.84
76,43,PURIFICADOR AR/ROUPA,1.3682983186890032,86951.69
77,43,REPELENTE INSETO/COSMETICO,0.42045247032565686,27310.53
78,43,SABAO BARRA,0.8180195258019526,68066.9
79,43,SABAO EM PO,5.8999999999999995,674957.38
80,43,SABAO LIQUIDO,5.163655051906671,347671.17
81,43,SACO P/LIXO,1.3,146246.65
82,43,SAPONACEO,0.39570513821646097,51361.09
83,43,VASSOURA,0.9072164948453608,27271.97
84,51,(DESATIVADA)AMACIANTE,0.0,0.0
85,51,ACESSORIOS LIMPEZA/BAZAR,1.7536548034534587,32582.539999999997
86,51,AGUA SANITARIA,0.722124343554125,52272.65
87,51,ALCOOL,0.750651828298887,44297.53
88,51,ALVEJANTE/TIRA MANCHAS,1.5854141961714383,52854.59
89,51,AMACIANTE CONCENTRADO,2.6,179493.69999999998
90,51,AMACIANTE DILUIDO,1.162259923175416,67726.89
91,51,CERA P/ASSOALHOS,0.37109553309422894,15027.119999999999
92,51,CLORO/PISCINA,0.14226664407928172,1240.4
93,51,CONCENTRADO LIMPEZA,2.4116734586565007,98686.12
94,51,COZINHA/CAUSTICO,0.15551987153753516,11551.789999999999
95,51,DESENGORDURANTE,0.7034925732637495,23011.84
96,51,DESINFETANTES,1.5503191044143405,45583.36
97,51,DESODORIZADOR SANITARIO,1.6794287229107296,64356.65
98,51,DETERGENTE LIQUIDO,1.819290421353924,97761.92
99,51,ESPONJA SINTETICA,2.360730779679435,40103.33
100,51,EVITA MOFO,0.18653775095455105,11347.34
101,51,INSETICIDAS,6.752670277514689,24741.5
102,51,LAS DE ACO,0.23926922032056508,10935.77
103,51,LENCO HIGIENICO UMEDECIDO,0.37015313754111845,3322.39
104,51,LIMPA CARPETE,0.03730029344636453,895.87
105,51,LIMPA VIDROS,0.5142130365659778,13257.23
106,51,LIMPADORES C/BRILHO,0.3072584202364707,8058.36
107,51,LIMPEZA ESPECIFICA/POLIDORES,0.09247184206293663,2314.47
108,51,LIMPEZA ROUPA,0.15455249214666786,3685.81
109,51,LOJAS ADQUIRIDAS LIMPEZA,0.0,0.0
110,51,LUSTRA MOVEIS,0.4963482230192371,20420.51
111,51,LUVAS,0.22626291212678648,8848.19
112,51,PANOS LIMPEZA,1.1088722230083488,25435.81
113,51,PAPEL HIGIENICO,6.954814765723375,559436.8099999999
114,51,PRENDEDOR/ VARAL,0.3309292143030893,7140.1
115,51,PROD. P/MAQUINA LAVAR LOUCA,0.7807095786460762,24526.38
116,51,PRODUTOS LIMPEZA BANHEIRO,1.3,35743.38
117,51,PROTECAO SAPATO,0.10935767851320509,8868.35
118,51,PURIFICADOR AR/ROUPA,1.2432003009511468,54843.9
119,51,REPELENTE INSETO/COSMETICO,2.347329722485312,2205.36
120,51,SABAO BARRA,0.7855023108732669,36023.08
121,51,SABAO EM PO,2.6,397951.18
122,51,SABAO LIQUIDO,3.8586722767648434,171642.49
123,51,SACO P/LIXO,1.097502349939573,90474.84999999999
124,51,SAPONACEO,0.3898434363709353,47592.8
125,51,VASSOURA,1.2483063328424153,20554.43
126,78,(DESATIVADA)AMACIANTE,0.0,0.0
127,78,ACESSORIOS LIMPEZA/BAZAR,3.1870992601234445,23820.55
128,78,AGUA SANITARIA,1.7263458469807675,37390.23
129,78,ALCOOL,0.750651828298887,29123.829999999998
130,78,ALVEJANTE/TIRA MANCHAS,2.8585369950449317,51413.67
131,78,AMACIANTE CONCENTRADO,6.5,160131.0
132,78,AMACIANTE DILUIDO,2.4008248159044916,45451.57
133,78,CERA P/ASSOALHOS,0.37109553309422894,3768.71
134,78,CLORO/PISCINA,0.17075669774082472,1753.69
135,78,CONCENTRADO LIMPEZA,4.734798795141838,69180.48
136,78,COZINHA/CAUSTICO,0.13440574730595034,4621.7
137,78,DESENGORDURANTE,0.7219740746525066,13414.2
138,78,DESINFETANTES,2.053688008052089,31705.16
139,78,DESODORIZADOR SANITARIO,1.3203718863290843,42080.98
140,78,DETERGENTE LIQUIDO,3.8914599753776473,72189.64
141,78,ESPONJA SINTETICA,2.413657697037454,24965.71
142,78,EVITA MOFO,1.2157759326394573,15930.91
143,78,INSETICIDAS,6.026020681282219,33675.81
144,78,LAS DE ACO,0.2330951435754929,5335.03
145,78,LENCO HIGIENICO UMEDECIDO,0.32619049291833135,4496.78
146,78,LIMPA CARPETE,0.03730029344636453,407.78999999999996
147,78,LIMPA VIDROS,0.5142130365659778,8865.31
148,78,LIMPADORES C/BRILHO,0.33671700816111244,5533.2
149,78,LIMPEZA ESPECIFICA/POLIDORES,0.08459983425623274,2331.29
150,78,LIMPEZA ROUPA,0.2630273651269669,6117.8
151,78,LOJAS ADQUIRIDAS LIMPEZA,0.0,0.0
152,78,LUSTRA MOVEIS,0.4963482230192371,8336.279999999999
153,78,LUVAS,1.0906100068540097,7076.39
154,78,PANOS LIMPEZA,1.3351351351351353,18997.7
155,78,PAPEL HIGIENICO,4.924756600484674,311921.85
156,78,PRENDEDOR/ VARAL,0.5596542590269065,6894.6900000000005
157,78,PROD. P/MAQUINA LAVAR LOUCA,1.3,14634.96
158,78,PRODUTOS LIMPEZA BANHEIRO,1.3,31291.38
159,78,PROTECAO SAPATO,0.10935767851320509,2375.33
160,78,PURIFICADOR AR/ROUPA,1.3,33919.94
161,78,REPELENTE INSETO/COSMETICO,3.0739793187177815,10852.97
162,78,SABAO BARRA,1.7954970026488222,17918.7
163,78,SABAO EM PO,7.82553549416286,295871.94
164,78,SABAO LIQUIDO,4.897779711405989,130477.14
165,78,SACO P/LIXO,1.3,51970.259999999995
166,78,SAPONACEO,0.39570513821646097,16363.58
167,78,VASSOURA,2.4830344827586206,12195.93
168,94,(DESATIVADA)AMACIANTE,0.0,0.0
169,94,ACESSORIOS LIMPEZA/BAZAR,2.1723610480084807,19524.09
170,94,AGUA SANITARIA,0.5315492266142893,49620.97
171,94,ALCOOL,0.5828073993471165,29492.02
172,94,ALVEJANTE/TIRA MANCHAS,1.165971028725755,44182.13
173,94,AMACIANTE CONCENTRADO,3.0,140281.9
174,94,AMACIANTE DILUIDO,0.860210613256246,49989.72
175,94,CERA P/ASSOALHOS,0.12099073414112617,2648.34
176,94,CLORO/PISCINA,0.10630984532285785,738.0
177,94,CONCENTRADO LIMPEZA,2.7048550523243997,87776.95
178,94,COZINHA/CAUSTICO,0.10259684972328652,6283.86
179,94,DESENGORDURANTE,0.5859940400170286,15203.84
180,94,DESINFETANTES,1.3768384517868884,32262.92
181,94,DESODORIZADOR SANITARIO,1.0,39675.94
182,94,DETERGENTE LIQUIDO,2.0429658728210165,85152.49
183,94,ESPONJA SINTETICA,0.8096334336816009,27704.75
184,94,EVITA MOFO,0.48182466143977193,4935.98
185,94,INSETICIDAS,0.8163218390804599,76284.65
186,94,LAS DE ACO,0.19036656631839913,5213.31
187,94,LENCO HIGIENICO UMEDECIDO,0.5685634548980654,3079.8199999999997
188,94,LIMPA CARPETE,0.016749821810406275,464.01
189,94,LIMPA VIDROS,0.38019586507072906,8338.56
190,94,LIMPADORES C/BRILHO,0.18083817707862765,5961.12
191,94,LIMPEZA ESPECIFICA/POLIDORES,0.07789615391192509,1849.66
192,94,LIMPEZA ROUPA,0.1584992940851651,3478.7599999999998
193,94,LOJAS ADQUIRIDAS LIMPEZA,0.0,0.0
194,94,LUSTRA MOVEIS,0.16553813257305774,9270.53
195,94,LUVAS,0.17483811285846437,5324.44
196,94,PANOS LIMPEZA,0.8621586227236901,17461.69
197,94,PAPEL HIGIENICO,4.4806976288457765,429602.59
198,94,PRENDEDOR/ VARAL,0.22325268817204302,4510.12
199,94,PROD. P/MAQUINA LAVAR LOUCA,1.0,13041.68
200,94,PRODUTOS LIMPEZA BANHEIRO,1.0,26578.12
201,94,PROTECAO SAPATO,0.03759800427655025,3741.88
202,94,PURIFICADOR AR/ROUPA,1.0,29824.7
203,94,REPELENTE INSETO/COSMETICO,5.18367816091954,14108.38
204,94,SABAO BARRA,0.6466397849462365,21305.96
205,94,SABAO EM PO,4.0,383109.4
206,94,SABAO LIQUIDO,2.9595665961945032,158616.19
207,94,SACO P/LIXO,1.0,73443.19
208,94,SAPONACEO,0.2739463601532567,19589.63
209,94,VASSOURA,0.9577464788732394,9963.27
210,108,(DESATIVADA)AMACIANTE,0.0,0.0
211,108,ACESSORIOS LIMPEZA/BAZAR,4.486077333964707,112149.95999999999
212,108,AGUA SANITARIA,1.6594494227819487,138242.62
213,108,ALCOOL,1.7127011342653657,154829.43
214,108,ALVEJANTE/TIRA MANCHAS,2.8485186082182934,170398.6
215,108,AMACIANTE CONCENTRADO,6.735662260588077,620469.63
216,108,AMACIANTE DILUIDO,2.4008248159044916,170577.3
217,108,CERA P/ASSOALHOS,0.813747198261224,24455.34
218,108,CLORO/PISCINA,0.16413982400904176,3640.94
219,108,CONCENTRADO LIMPEZA,8.484648040516516,310430.04
220,108,COZINHA/CAUSTICO,0.16365052393089777,31331.399999999998
221,108,DESENGORDURANTE,2.6,72306.26
222,108,DESINFETANTES,6.317077802497413,153173.44
223,108,DESODORIZADOR SANITARIO,3.032614564291275,169457.27
224,108,DETERGENTE LIQUIDO,5.067380502117743,306132.58
225,108,ESPONJA SINTETICA,6.153953998812581,130046.65
226,108,EVITA MOFO,1.2157759326394573,50209.73
227,108,INSETICIDAS,12.101865631217859,106399.2
228,108,LAS DE ACO,0.5153975568722113,26284.61
229,108,LENCO HIGIENICO UMEDECIDO,0.3305754026670472,15209.74
230,108,LIMPA CARPETE,0.0932418664674319,2931.77
231,108,LIMPA VIDROS,0.8581508836718545,43380.28
232,108,LIMPADORES C/BRILHO,0.8366200518900654,17888.51
233,108,LIMPEZA ESPECIFICA/POLIDORES,0.10188530461640016,7491.22
234,108,LIMPEZA ROUPA,0.2630273651269669,14812.67
235,108,LOJAS ADQUIRIDAS LIMPEZA,0.0,0.0
236,108,LUSTRA MOVEIS,0.7459349317394552,32323.73
237,108,LUVAS,1.0906100068540097,33729.85
238,108,PANOS LIMPEZA,2.6291479820627806,102515.34
239,108,PAPEL HIGIENICO,12.11423532708124,3045682.61
240,108,PRENDEDOR/ VARAL,0.5452125492326498,28047.5
241,108,PROD. P/MAQUINA LAVAR LOUCA,1.3,64105.25
242,108,PRODUTOS LIMPEZA BANHEIRO,2.6,120309.02
243,108,PROTECAO SAPATO,0.14922230523670446,16196.48
244,108,PURIFICADOR AR/ROUPA,4.1442602145929825,177404.91
245,108,REPELENTE INSETO/COSMETICO,7.398134368782142,29125.61
246,108,SABAO BARRA,1.8162569604780663,105592.17
247,108,SABAO EM PO,6.5,929761.41
248,108,SABAO LIQUIDO,7.355412877571546,622005.42
249,108,SACO P/LIXO,3.9000000000000004,319871.07
250,108,SAPONACEO,1.0715519682809402,109893.33
251,108,VASSOURA,2.4830344827586206,47329.95
252,116,(DESATIVADA)AMACIANTE,0.0,0.0
253,116,ACESSORIOS LIMPEZA/BAZAR,3.192840777610471,55964.93
254,116,AGUA SANITARIA,1.6922367662797397,117136.88
255,116,ALCOOL,1.638160716538413,99522.66
256,116,ALVEJANTE/TIRA MANCHAS,2.8534288301638266,113395.67
257,116,AMACIANTE CONCENTRADO,6.5,312505.52
258,116,AMACIANTE DILUIDO,2.4008248159044916,94190.88
259,116,CERA P/ASSOALHOS,0.37109553309422894,7003.07
260,116,CLORO/PISCINA,0.16738289289536512,3757.9700000000003
261,116,CONCENTRADO LIMPEZA,5.648329026193624,176400.7
262,116,COZINHA/CAUSTICO,0.14161254748192625,16027.94
263,116,DESENGORDURANTE,1.3,43147.77
264,116,DESINFETANTES,4.995837100973426,113337.81999999999
265,116,DESODORIZADOR SANITARIO,2.5762688915791556,95791.39
266,116,DETERGENTE LIQUIDO,3.799539685696614,200619.0
267,116,ESPONJA SINTETICA,3.7839899117735394,79619.42
268,116,EVITA MOFO,1.2157759326394573,35054.86
269,116,INSETICIDAS,11.145610913404507,125670.27
270,116,LAS DE ACO,0.2539282110422373,14008.57
271,116,LENCO HIGIENICO UMEDECIDO,0.5324670965229444,11789.51
272,116,LIMPA CARPETE,0.03730029344636453,891.23
273,116,LIMPA VIDROS,0.9339598839409614,31444.67
274,116,LIMPADORES C/BRILHO,0.36755919855302716,10169.03
275,116,LIMPEZA ESPECIFICA/POLIDORES,0.09543976839654592,4782.64
276,116,LIMPEZA ROUPA,0.2630273651269669,8466.46
277,116,LOJAS ADQUIRIDAS LIMPEZA,0.0,1342.79
278,116,LUSTRA MOVEIS,0.4963482230192371,25165.21
279,116,LUVAS,1.0906100068540097,20633.38
280,116,PANOS LIMPEZA,1.3278793995206257,53127.29
281,116,PAPEL HIGIENICO,9.602436323366556,1448790.07
282,116,PRENDEDOR/ VARAL,0.5596542590269065,17757.53
283,116,PROD. P/MAQUINA LAVAR LOUCA,1.3,41642.83
284,116,PRODUTOS LIMPEZA BANHEIRO,1.6248338917598955,79456.63
285,116,PROTECAO SAPATO,0.10935767851320509,7776.89
286,116,PURIFICADOR AR/ROUPA,2.692137320044297,101454.98999999999
287,116,REPELENTE INSETO/COSMETICO,4.4543890865954925,45942.14
288,116,SABAO BARRA,1.7954970026488222,60718.11
289,116,SABAO EM PO,6.5,443449.99
290,116,SABAO LIQUIDO,6.4606317914613145,452574.19
291,116,SACO P/LIXO,3.9000000000000004,198634.99
292,116,SAPONACEO,1.1023158926602135,90836.93
293,116,VASSOURA,2.477292965271594,32343.68
294,124,(DESATIVADA)AMACIANTE,0.0,5.97
295,124,ACESSORIOS LIMPEZA/BAZAR,4.495522564464257,98642.06
296,124,AGUA SANITARIA,2.677490621092122,237489.99
297,124,ALCOOL,1.638160716538413,205955.55
298,124,ALVEJANTE/TIRA MANCHAS,4.175552313463943,222395.05
299,124,AMACIANTE CONCENTRADO,9.1,600604.07
300,124,AMACIANTE DILUIDO,3.548285889798748,174226.57
301,124,CERA P/ASSOALHOS,0.7697581202487905,17284.43
302,124,CLORO/PISCINA,0.12741246352646937,7299.61
303,124,CONCENTRADO LIMPEZA,8.678245161042238,332308.86
304,124,COZINHA/CAUSTICO,0.14161254748192625,22917.35
305,124,DESENGORDURANTE,1.3,83406.5
306,124,DESINFETANTES,6.165150610860797,290173.14
307,124,DESODORIZADOR SANITARIO,2.6951149027644172,204281.9
308,124,DETERGENTE LIQUIDO,5.235561692371822,382365.05
309,124,ESPONJA SINTETICA,4.688975921090804,173050.84
310,124,EVITA MOFO,1.2157759326394573,71562.97
311,124,INSETICIDAS,12.519180414906488,225560.71
312,124,LAS DE ACO,0.5110240789091963,28729.95
313,124,LENCO HIGIENICO UMEDECIDO,0.5725404082642593,21887.69
314,124,LIMPA CARPETE,0.09487214927436075,2628.59
315,124,LIMPA VIDROS,0.9339598839409614,58751.58
316,124,LIMPADORES C/BRILHO,0.8614479099019632,23694.75
317,124,LIMPEZA ESPECIFICA/POLIDORES,0.09356247188629581,7298.49
318,124,LIMPEZA ROUPA,0.41556629123271055,16250.76
319,124,LOJAS ADQUIRIDAS LIMPEZA,0.0,2190.42
320,124,LUSTRA MOVEIS,0.7717346233586733,48666.39
321,124,LUVAS,1.0906100068540097,37962.33
322,124,PANOS LIMPEZA,2.627879399520626,108151.97
323,124,PAPEL HIGIENICO,14.646460305476511,3296838.86
324,124,PRENDEDOR/ VARAL,0.5596542590269065,30663.94
325,124,PROD. P/MAQUINA LAVAR LOUCA,1.3,105804.27
326,124,PRODUTOS LIMPEZA BANHEIRO,2.6,165230.53
327,124,PROTECAO SAPATO,0.15183137525915688,10035.0
328,124,PURIFICADOR AR/ROUPA,4.375637377315757,170062.66
329,124,REPELENTE INSETO/COSMETICO,5.680819585093513,68490.09
330,124,SABAO BARRA,1.7954970026488222,119175.92
331,124,SABAO EM PO,9.126096615235479,802257.74
332,124,SABAO LIQUIDO,9.036412472736085,877362.3
333,124,SACO P/LIXO,3.9000000000000004,367874.93
334,124,SAPONACEO,1.1023158926602135,182035.76
335,124,VASSOURA,2.480278019113814,59746.42
336,140,(DESATIVADA)AMACIANTE,0.0,0.0
337,140,ACESSORIOS LIMPEZA/BAZAR,1.4039829009042524,20173.12
338,140,AGUA SANITARIA,0.6066228946617186,32910.96
339,140,ALCOOL,0.5700297999148575,23682.25
340,140,ALVEJANTE/TIRA MANCHAS,1.1678561233228661,25147.54
341,140,AMACIANTE CONCENTRADO,3.0,108355.64
342,140,AMACIANTE DILUIDO,0.860210613256246,51520.82
343,140,CERA P/ASSOALHOS,0.2893923789907312,9478.21
344,140,CLORO/PISCINA,0.14758778190122754,826.47
345,140,CONCENTRADO LIMPEZA,3.625528027537417,62577.04
346,140,COZINHA/CAUSTICO,0.10259684972328652,5592.38
347,140,DESENGORDURANTE,0.5859940400170286,10890.66
348,140,DESINFETANTES,1.386959189639362,23551.89
349,140,DESODORIZADOR SANITARIO,1.1367112810707458,28371.79
350,140,DETERGENTE LIQUIDO,2.0,72041.32
351,140,ESPONJA SINTETICA,1.809633433681601,24924.98
352,140,EVITA MOFO,0.14120029455081,1868.11
353,140,INSETICIDAS,4.836438647857333,32891.77
354,140,LAS DE ACO,0.19036656631839913,7714.26
355,140,LENCO HIGIENICO UMEDECIDO,0.1710646131101099,1491.82
356,140,LIMPA CARPETE,0.03625128733264675,173.4
357,140,LIMPA VIDROS,0.3937845891868881,7156.84
358,140,LIMPADORES C/BRILHO,0.22719279602449396,1680.18
359,140,LIMPEZA ESPECIFICA/POLIDORES,0.08790161770440082,1169.24
360,140,LIMPEZA ROUPA,0.17844918055818684,2256.12
361,140,LOJAS ADQUIRIDAS LIMPEZA,0.0,0.0
362,140,LUSTRA MOVEIS,0.3699279093717817,5196.95
363,140,LUVAS,0.20870141342756185,5016.28
364,140,PANOS LIMPEZA,0.8274841974706927,13216.63
365,140,PAPEL HIGIENICO,3.645076481835564,389714.35
366,140,PRENDEDOR/ VARAL,0.2284731774415406,5978.45
367,140,PROD. P/MAQUINA LAVAR LOUCA,1.0,6599.91
368,140,PRODUTOS LIMPEZA BANHEIRO,1.0,15000.56
369,140,PROTECAO SAPATO,0.08712667353244077,2228.11
370,140,PURIFICADOR AR/ROUPA,0.9104840798947952,22979.01
371,140,REPELENTE INSETO/COSMETICO,0.163561352142667,7730.719999999999
372,140,SABAO BARRA,0.6383768913342504,19322.98
373,140,SABAO EM PO,3.0,316713.65
374,140,SABAO LIQUIDO,1.9495611324020272,75123.91
375,140,SACO P/LIXO,1.0,43389.83
376,140,SAPONACEO,0.2739463601532567,14833.77
377,140,VASSOURA,0.7415254237288136,11081.75
378,167,(DESATIVADA)AMACIANTE,0.0,0.0
379,167,ACESSORIOS LIMPEZA/BAZAR,3.1806446313492986,50621.729999999996
380,167,AGUA SANITARIA,2.8184730144800354,82435.38
381,167,ALCOOL,1.7127011342653657,81171.34
382,167,ALVEJANTE/TIRA MANCHAS,4.190061430451953,84529.95
383,167,AMACIANTE CONCENTRADO,6.5,265851.23
384,167,AMACIANTE DILUIDO,3.461849643345253,69804.61
385,167,CERA P/ASSOALHOS,0.34195699283213876,4629.72
386,167,CLORO/PISCINA,0.1341213251426064,3118.15
387,167,CONCENTRADO LIMPEZA,9.727197768165322,143570.53
388,167,COZINHA/CAUSTICO,0.16365052393089777,12144.07
389,167,DESENGORDURANTE,1.3,28233.01
390,167,DESINFETANTES,5.156833875738479,80289.49
391,167,DESODORIZADOR SANITARIO,2.9333263975884254,96071.65
392,167,DETERGENTE LIQUIDO,5.685628271406889,145862.6
393,167,ESPONJA SINTETICA,5.996282527881041,59164.5
394,167,EVITA MOFO,1.2157759326394573,26095.77
395,167,INSETICIDAS,13.504019933554819,91629.31
396,167,LAS DE ACO,0.503717472118959,10460.93
397,167,LENCO HIGIENICO UMEDECIDO,0.3403142251711909,9829.42
398,167,LIMPA CARPETE,0.07627937989664944,1177.99
399,167,LIMPA VIDROS,0.8581508836718545,16374.64
400,167,LIMPADORES C/BRILHO,0.3495323315364058,5764.98
401,167,LIMPEZA ESPECIFICA/POLIDORES,0.10990849919802222,3047.52
402,167,LIMPEZA ROUPA,0.5020025376862053,7426.96
403,167,LOJAS ADQUIRIDAS LIMPEZA,0.0,534.69
404,167,LUSTRA MOVEIS,0.481080180030005,19447.63
405,167,LUVAS,1.0906100068540097,15392.2
406,167,PANOS LIMPEZA,2.6291479820627806,45757.08
407,167,PAPEL HIGIENICO,12.287593827841585,1530338.59
408,167,PRENDEDOR/ VARAL,0.5452125492326498,14128.93
409,167,PROD. P/MAQUINA LAVAR LOUCA,1.3,26214.24
410,167,PRODUTOS LIMPEZA BANHEIRO,2.6,58832.119999999995
411,167,PROTECAO SAPATO,0.11138523087181197,6550.99
412,167,PURIFICADOR AR/ROUPA,4.066909072671649,99854.95999999999
413,167,REPELENTE INSETO/COSMETICO,5.995980066445183,28202.11
414,167,SABAO BARRA,1.8162569604780663,38459.92
415,167,SABAO EM PO,9.131400788138235,345777.74
416,167,SABAO LIQUIDO,8.430164615928009,349408.51
417,167,SACO P/LIXO,2.6,142949.33
418,167,SAPONACEO,1.0715519682809402,41853.74
419,167,VASSOURA,2.480278019113814,23432.21
420,175,(DESATIVADA)AMACIANTE,0.0,0.0
421,175,ACESSORIOS LIMPEZA/BAZAR,3.28984207572691,68971.61
422,175,AGUA SANITARIA,2.9478201009637455,104945.98
423,175,ALCOOL,1.7127011342653657,106235.16
424,175,ALVEJANTE/TIRA MANCHAS,4.203373106929785,146727.26
425,175,AMACIANTE CONCENTRADO,7.800000000000001,490041.32
426,175,AMACIANTE DILUIDO,3.548285889798748,102399.88
427,175,CERA P/ASSOALHOS,0.7697581202487905,9909.92
428,175,CLORO/PISCINA,0.14027650298301977,3715.38
429,175,CONCENTRADO LIMPEZA,8.491669953932345,225038.04
430,175,COZINHA/CAUSTICO,0.16365052393089777,15197.44
431,175,DESENGORDURANTE,1.3,47346.02
432,175,DESINFETANTES,6.1260480989689885,118804.81999999999
433,175,DESODORIZADOR SANITARIO,2.981472784438091,166719.08
434,175,DETERGENTE LIQUIDO,5.239152134006425,203886.02
435,175,ESPONJA SINTETICA,4.937172336865589,80728.2
436,175,EVITA MOFO,1.2157759326394573,52811.82
437,175,INSETICIDAS,8.7361378971763,91229.3
438,175,LAS DE ACO,0.2628276631344116,11572.52
439,175,LENCO HIGIENICO UMEDECIDO,0.6384686303649669,14821.01
440,175,LIMPA CARPETE,0.09487214927436075,1891.9099999999999
441,175,LIMPA VIDROS,0.8581508836718545,29939.06
442,175,LIMPADORES C/BRILHO,0.8492835464178761,17322.69
443,175,LIMPEZA ESPECIFICA/POLIDORES,0.10410251380914942,6393.41
444,175,LIMPEZA ROUPA,0.41556629123271055,13411.1
445,175,LOJAS ADQUIRIDAS LIMPEZA,0.0,1452.49
446,175,LUSTRA MOVEIS,0.7717346233586733,25634.41
447,175,LUVAS,1.0906100068540097,16452.36
448,175,PANOS LIMPEZA,2.6291479820627806,66230.88
449,175,PAPEL HIGIENICO,13.63454229536804,1488929.78
450,175,PRENDEDOR/ VARAL,0.5863966826431148,18084.44
451,175,PROD. P/MAQUINA LAVAR LOUCA,1.3,55854.86
452,175,PRODUTOS LIMPEZA BANHEIRO,2.6,95695.39
453,175,PROTECAO SAPATO,0.15183137525915688,8904.72
454,175,PURIFICADOR AR/ROUPA,4.048506611707009,140267.58
455,175,REPELENTE INSETO/COSMETICO,8.1638621028237,47505.02
456,175,SABAO BARRA,1.6716786041251548,38056.04
457,175,SABAO EM PO,9.147359366936177,559263.74
458,175,SABAO LIQUIDO,7.773335627042834,540242.0
459,175,SACO P/LIXO,2.6,213168.74
460,175,SAPONACEO,1.0715519682809402,64220.61
461,175,VASSOURA,2.4830344827586206,29063.84
462,183,(DESATIVADA)AMACIANTE,0.0,0.0
463,183,ACESSORIOS LIMPEZA/BAZAR,4.498268893590685,96508.28
464,183,AGUA SANITARIA,1.597544105074998,107082.83
465,183,ALCOOL,1.7127011342653657,110581.12
466,183,ALVEJANTE/TIRA MANCHAS,4.139247687883734,152236.24
467,183,AMACIANTE CONCENTRADO,9.1,510288.7
468,183,AMACIANTE DILUIDO,3.548285889798748,90141.19
469,183,CERA P/ASSOALHOS,0.7900218698742483,8682.9
470,183,CLORO/PISCINA,0.15801663169347946,2106.5099999999998
471,183,CONCENTRADO LIMPEZA,9.913521696597876,237855.11
472,183,COZINHA/CAUSTICO,0.16365052393089777,17516.09
473,183,DESENGORDURANTE,1.3,36722.39
474,183,DESINFETANTES,6.085057221564434,130761.89
475,183,DESODORIZADOR SANITARIO,3.1249722313549615,167584.16
476,183,DETERGENTE LIQUIDO,5.235361778192275,189627.7
477,183,ESPONJA SINTETICA,4.69628252788104,78580.45
478,183,EVITA MOFO,1.2157759326394573,54906.56
479,183,INSETICIDAS,12.406461182844776,103663.18
480,183,LAS DE ACO,0.503717472118959,11372.86
481,183,LENCO HIGIENICO UMEDECIDO,0.4958603286584171,16536.23
482,183,LIMPA CARPETE,0.093821760524877,1505.37
483,183,LIMPA VIDROS,0.8581508836718545,34181.299999999996
484,183,LIMPADORES C/BRILHO,0.8560781088727007,14472.93
485,183,LIMPEZA ESPECIFICA/POLIDORES,0.10243512107202549,7642.96
486,183,LIMPEZA ROUPA,0.41556629123271055,19290.32
487,183,LOJAS ADQUIRIDAS LIMPEZA,0.0,65.01
488,183,LUSTRA MOVEIS,0.7631902679059597,32888.17
489,183,LUVAS,1.0906100068540097,18614.4
490,183,PANOS LIMPEZA,2.6291479820627806,84429.69
491,183,PAPEL HIGIENICO,14.502438182863717,1675188.47
492,183,PRENDEDOR/ VARAL,0.5596542590269065,19352.78
493,183,PROD. P/MAQUINA LAVAR LOUCA,1.3,53398.66
494,183,PRODUTOS LIMPEZA BANHEIRO,2.6,97584.89
495,183,PROTECAO SAPATO,0.15015035538545654,8458.59
496,183,PURIFICADOR AR/ROUPA,4.093766532489937,150834.82
497,183,REPELENTE INSETO/COSMETICO,5.793538817155225,29474.21
498,183,SABAO BARRA,1.7954970026488222,36601.27
499,183,SABAO EM PO,9.126198730815238,433047.43
500,183,SABAO LIQUIDO,9.036163655900896,632107.89
501,183,SACO P/LIXO,2.6,243514.21
502,183,SAPONACEO,1.0715519682809402,59394.7
503,183,VASSOURA,2.477292965271594,31858.41
504,191,(DESATIVADA)AMACIANTE,0.0,0.0
505,191,ACESSORIOS LIMPEZA/BAZAR,1.5335744470325483,23044.059999999998
506,191,AGUA SANITARIA,0.7595687811831788,86708.06
507,191,ALCOOL,0.4492449664429531,43545.15
508,191,ALVEJANTE/TIRA MANCHAS,1.6002138275124733,56752.82
509,191,AMACIANTE CONCENTRADO,1.771231543079669,143639.73
510,191,AMACIANTE DILUIDO,0.7129644653577804,67083.51
511,191,CERA P/ASSOALHOS,0.20083256244218317,4437.37
512,191,CLORO/PISCINA,0.1137384176764077,2263.33
513,191,CONCENTRADO LIMPEZA,2.7128084538763706,109608.55
514,191,COZINHA/CAUSTICO,0.13440574730595034,10962.369999999999
515,191,DESENGORDURANTE,0.7219740746525066,18754.02
516,191,DESINFETANTES,0.8572797452309823,38022.74
517,191,DESODORIZADOR SANITARIO,1.185348914121927,40698.57
518,191,DETERGENTE LIQUIDO,1.5382230919765167,123216.84
519,191,ESPONJA SINTETICA,1.8411663405088063,32761.06
520,191,EVITA MOFO,0.1802761576002857,5544.5
521,191,INSETICIDAS,4.694398573753972,67382.43
522,191,LAS DE ACO,0.22794520547945207,9763.28
523,191,LENCO HIGIENICO UMEDECIDO,0.3044218876439005,2786.4199999999996
524,191,LIMPA CARPETE,0.030236553455794894,671.06
525,191,LIMPA VIDROS,0.4186661073825504,11154.58
526,191,LIMPADORES C/BRILHO,0.17248579357737542,4989.88
527,191,LIMPEZA ESPECIFICA/POLIDORES,0.08945422428704616,2755.63
528,191,LIMPEZA ROUPA,0.13205205726901423,4143.15
529,191,LOJAS ADQUIRIDAS LIMPEZA,0.0,0.0
530,191,LUSTRA MOVEIS,0.18708867450773095,11163.6
531,191,LUVAS,0.25782005804579167,8413.19
532,191,PANOS LIMPEZA,0.44586105754360056,23907.82
533,191,PAPEL HIGIENICO,6.239214475992464,775116.15
534,191,PRENDEDOR/ VARAL,0.2854428981665562,11327.02
535,191,PROD. P/MAQUINA LAVAR LOUCA,0.29266536203522503,21290.53
536,191,PRODUTOS LIMPEZA BANHEIRO,0.7477419949689821,28867.0
537,191,PROTECAO SAPATO,0.06493987049028677,3274.8399999999997
538,191,PURIFICADOR AR/ROUPA,1.1034757766932508,39658.65
539,191,REPELENTE INSETO/COSMETICO,1.1656014262460273,14424.369999999999
540,191,SABAO BARRA,0.856041528606141,42796.4
541,191,SABAO EM PO,2.6,358363.12
542,191,SABAO LIQUIDO,3.858460815538036,193577.21
543,191,SACO P/LIXO,1.0421799419542084,82375.97
544,191,SAPONACEO,0.39570513821646097,28149.329999999998
545,191,VASSOURA,1.235249042145594,19445.54
546,205,(DESATIVADA)AMACIANTE,0.0,0.0
547,205,ACESSORIOS LIMPEZA/BAZAR,2.3965649501403923,61691.799999999996
548,205,AGUA SANITARIA,1.343830787309048,72224.78
549,205,ALCOOL,1.2386267902274644,76643.77
550,205,ALVEJANTE/TIRA MANCHAS,3.2251468860164514,89421.20999999999
551,205,AMACIANTE CONCENTRADO,3.0,257455.37
552,205,AMACIANTE DILUIDO,1.7669756609890863,60037.07
553,205,CERA P/ASSOALHOS,0.2893923789907312,2526.7999999999997
554,205,CLORO/PISCINA,0.08202115158636898,2140.85
555,205,CONCENTRADO LIMPEZA,7.012544264965374,144534.09
556,205,COZINHA/CAUSTICO,0.16305048335123523,13743.72
557,205,DESENGORDURANTE,1.0,29378.25
558,205,DESINFETANTES,4.150634454652346,77233.13
559,205,DESODORIZADOR SANITARIO,2.253649467252081,91131.62
560,205,DETERGENTE LIQUIDO,3.0411280846063455,135399.32
561,205,ESPONJA SINTETICA,2.8096334336816007,49380.99
562,205,EVITA MOFO,0.9358091077129894,21925.85
563,205,INSETICIDAS,2.7671586187132826,94315.08
564,205,LAS DE ACO,0.19036656631839913,5732.63
565,205,LENCO HIGIENICO UMEDECIDO,0.48499276858910734,15277.029999999999
566,205,LIMPA CARPETE,0.03625128733264675,926.18
567,205,LIMPA VIDROS,0.7255686604886268,21661.42
568,205,LIMPADORES C/BRILHO,0.249873283167335,8224.35
569,205,LIMPEZA ESPECIFICA/POLIDORES,0.09731608991138069,3797.96
570,205,LIMPEZA ROUPA,0.28595661929994076,8956.949999999999
571,205,LOJAS ADQUIRIDAS LIMPEZA,0.0,0.0
572,205,LUSTRA MOVEIS,0.3699279093717817,16346.529999999999
573,205,LUVAS,0.9066666666666666,15577.61
574,205,PANOS LIMPEZA,2.035804549283909,64558.83
575,205,PAPEL HIGIENICO,10.33082810317351,1265201.03
576,205,PRENDEDOR/ VARAL,0.4426728771049803,12404.09
577,205,PROD. P/MAQUINA LAVAR LOUCA,1.0,39291.92
578,205,PRODUTOS LIMPEZA BANHEIRO,2.0,60860.75
579,205,PROTECAO SAPATO,0.08712667353244077,5173.98
580,205,PURIFICADOR AR/ROUPA,2.0415527180435595,99575.8
581,205,REPELENTE INSETO/COSMETICO,4.232841381286717,54475.689999999995
582,205,SABAO BARRA,1.3618774632748119,22382.35
583,205,SABAO EM PO,7.032449725776965,274268.52
584,205,SABAO LIQUIDO,4.920932358318098,389404.36
585,205,SACO P/LIXO,2.0,159842.72
586,205,SAPONACEO,0.7862513426423201,41626.0
587,205,VASSOURA,1.904576436222006,21483.54
588,213,(DESATIVADA)AMACIANTE,0.0,0.0
589,213,ACESSORIOS LIMPEZA/BAZAR,1.7430410129846439,29425.63
590,213,AGUA SANITARIA,1.3351907415345048,42338.29
591,213,ALCOOL,0.5700297999148575,33162.62
592,213,ALVEJANTE/TIRA MANCHAS,1.2301757393913415,42175.0
593,213,AMACIANTE CONCENTRADO,3.0,143010.75
594,213,AMACIANTE DILUIDO,1.7669756609890863,40016.1
595,213,CERA P/ASSOALHOS,0.2893923789907312,2979.7799999999997
596,213,CLORO/PISCINA,0.11637376768109729,1319.8
597,213,CONCENTRADO LIMPEZA,4.313925894118318,82791.49
598,213,COZINHA/CAUSTICO,0.1654315605928509,7068.0599999999995
599,213,DESENGORDURANTE,1.0,13227.36
600,213,DESINFETANTES,2.8436622997493557,41529.71
601,213,DESODORIZADOR SANITARIO,1.1408786783941474,46810.72
602,213,DETERGENTE LIQUIDO,3.0375053579082727,73216.13
603,213,ESPONJA SINTETICA,1.809633433681601,25236.62
604,213,EVITA MOFO,0.9358091077129894,13082.9
605,213,INSETICIDAS,1.734103269992614,50202.25
606,213,LAS DE ACO,0.19036656631839913,5018.76
607,213,LENCO HIGIENICO UMEDECIDO,0.648420213881089,4933.09
608,213,LIMPA CARPETE,0.03625128733264675,449.88
609,213,LIMPA VIDROS,0.3937845891868881,11783.369999999999
610,213,LIMPADORES C/BRILHO,0.2270888266849568,4851.21
611,213,LIMPEZA ESPECIFICA/POLIDORES,0.10613022431754596,2340.75
612,213,LIMPEZA ROUPA,0.28595661929994076,7081.3
613,213,LOJAS ADQUIRIDAS LIMPEZA,0.0,0.0
614,213,LUSTRA MOVEIS,0.3699279093717817,13129.18
615,213,LUVAS,0.16195372750642673,5694.96
616,213,PANOS LIMPEZA,0.8742318833918278,25936.05
617,213,PAPEL HIGIENICO,6.274953891552932,349667.0
618,213,PRENDEDOR/ VARAL,0.7850675138999206,9447.52
619,213,PROD. P/MAQUINA LAVAR LOUCA,1.0,19232.65
620,213,PRODUTOS LIMPEZA BANHEIRO,1.0,24844.399999999998
621,213,PROTECAO SAPATO,0.08712667353244077,4348.63
622,213,PURIFICADOR AR/ROUPA,1.0480265584655108,41743.54
623,213,REPELENTE INSETO/COSMETICO,9.265896730007386,11326.44
624,213,SABAO BARRA,1.0,15498.84
625,213,SABAO EM PO,4.0,246919.34
626,213,SABAO LIQUIDO,2.945308310991957,152979.02
627,213,SACO P/LIXO,2.0,79626.89
628,213,SAPONACEO,0.783129904097646,16768.46
629,213,VASSOURA,1.4842498665242925,11579.33
630,221,(DESATIVADA)AMACIANTE,0.0,0.0
631,221,ACESSORIOS LIMPEZA/BAZAR,1.798715906860297,37852.7
632,221,AGUA SANITARIA,1.3351907415345048,83179.03
633,221,ALCOOL,0.47471162377994675,61301.94
634,221,ALVEJANTE/TIRA MANCHAS,2.2301757393913415,70255.95999999999
635,221,AMACIANTE CONCENTRADO,1.9,184583.66
636,221,AMACIANTE DILUIDO,0.860210613256246,51963.93
637,221,CERA P/ASSOALHOS,0.37109553309422894,8968.52
638,221,CLORO/PISCINA,0.11637376768109729,2653.92
639,221,CONCENTRADO LIMPEZA,4.53007825920516,122154.36
640,221,COZINHA/CAUSTICO,0.13440574730595034,9491.3
641,221,DESENGORDURANTE,0.7219740746525066,22124.86
642,221,DESINFETANTES,2.7870122755450035,70047.04
643,221,DESODORIZADOR SANITARIO,1.0,50013.409999999996
644,221,DETERGENTE LIQUIDO,2.637505357908273,127994.09
645,221,ESPONJA SINTETICA,2.060730779679435,56881.14
646,221,EVITA MOFO,0.1802761576002857,10678.91
647,221,INSETICIDAS,6.538517375024632,95738.42
648,221,LAS DE ACO,0.23926922032056508,9366.27
649,221,LENCO HIGIENICO UMEDECIDO,0.3192280074766259,7984.799999999999
650,221,LIMPA CARPETE,0.03730029344636453,678.81
651,221,LIMPA VIDROS,0.4951197870452529,18066.84
652,221,LIMPADORES C/BRILHO,0.33671700816111244,7422.83
653,221,LIMPEZA ESPECIFICA/POLIDORES,0.08834844363057881,2818.98
654,221,LIMPEZA ROUPA,0.15603745245021738,3891.39
655,221,LOJAS ADQUIRIDAS LIMPEZA,0.0,0.0
656,221,LUSTRA MOVEIS,0.4963482230192371,24259.829999999998
657,221,LUVAS,0.22626291212678648,11712.49
658,221,PANOS LIMPEZA,1.1039056770480138,43619.01
659,221,PAPEL HIGIENICO,5.4777221036120425,750993.04
660,221,PRENDEDOR/ VARAL,0.17971854304635765,10454.4
661,221,PROD. P/MAQUINA LAVAR LOUCA,1.3,47546.26
662,221,PRODUTOS LIMPEZA BANHEIRO,0.95,43228.659999999996
663,221,PROTECAO SAPATO,0.10935767851320509,3907.5299999999997
664,221,PURIFICADOR AR/ROUPA,1.1034757766932508,51531.13
665,221,REPELENTE INSETO/COSMETICO,1.4614826249753659,16488.06
666,221,SABAO BARRA,0.3548249763481552,30464.87
667,221,SABAO EM PO,3.0,238434.96
668,221,SABAO LIQUIDO,2.9595665961945032,299156.46
669,221,SACO P/LIXO,1.3,149008.75
670,221,SAPONACEO,0.39570513821646097,35178.77
671,221,VASSOURA,0.9326355851569934,22519.37
672,230,(DESATIVADA)AMACIANTE,0.0,0.0
673,230,ACESSORIOS LIMPEZA/BAZAR,2.2102802134569832,64441.44
674,230,AGUA SANITARIA,1.3351907415345048,121411.17
675,230,ALCOOL,1.3351455629603646,121160.16
676,230,ALVEJANTE/TIRA MANCHAS,1.2301757393913415,147065.03
677,230,AMACIANTE CONCENTRADO,3.0,457083.46
678,230,AMACIANTE DILUIDO,0.860210613256246,94393.98
679,230,CERA P/ASSOALHOS,0.2893923789907312,6338.05
680,230,CLORO/PISCINA,0.11637376768109729,2113.62
681,230,CONCENTRADO LIMPEZA,3.644285891530548,237578.73
682,230,COZINHA/CAUSTICO,0.08653162757640369,16852.7
683,230,DESENGORDURANTE,0.5934612651030561,43838.38
684,230,DESINFETANTES,2.5190187538678064,118018.45999999999
685,230,DESODORIZADOR SANITARIO,1.177593025275878,104468.93
686,230,DETERGENTE LIQUIDO,3.0375053579082727,215191.8
687,230,ESPONJA SINTETICA,1.809633433681601,74159.31
688,230,EVITA MOFO,0.9411945812807883,54834.299999999996
689,230,INSETICIDAS,1.712267657992565,110017.09
690,230,LAS DE ACO,0.19036656631839913,12628.93
691,230,LENCO HIGIENICO UMEDECIDO,0.5864835724465433,15879.619999999999
692,230,LIMPA CARPETE,0.03625128733264675,2834.0299999999997
693,230,LIMPA VIDROS,0.6350403367239565,34413.37
694,230,LIMPADORES C/BRILHO,0.2270888266849568,9730.22
695,230,LIMPEZA ESPECIFICA/POLIDORES,0.07170561418218481,7372.94
696,230,LIMPEZA ROUPA,0.18828076605409869,16632.77
697,230,LOJAS ADQUIRIDAS LIMPEZA,0.0,0.0
698,230,LUSTRA MOVEIS,0.3699279093717817,32210.0
699,230,LUVAS,0.3472971647208869,18004.54
700,230,PANOS LIMPEZA,2.029814100315679,78123.29
701,230,PAPEL HIGIENICO,6.276900671896205,1326154.99
702,230,PRENDEDOR/ VARAL,0.22325268817204302,10068.02
703,230,PROD. P/MAQUINA LAVAR LOUCA,1.0,67334.64
704,230,PRODUTOS LIMPEZA BANHEIRO,1.0,75098.95
705,230,PROTECAO SAPATO,0.08712667353244077,8426.99
706,230,PURIFICADOR AR/ROUPA,1.0646410485552578,81436.39
707,230,REPELENTE INSETO/COSMETICO,0.2877323420074349,14758.56
708,230,SABAO BARRA,0.6466397849462365,39356.2
709,230,SABAO EM PO,4.0,675958.44
710,230,SABAO LIQUIDO,2.9595665961945032,538076.35
711,230,SACO P/LIXO,1.652702835279113,200133.84
712,230,SAPONACEO,0.2887348969438521,72555.98
713,230,VASSOURA,1.9321857068335941,25135.2
714,248,(DESATIVADA)AMACIANTE,0.0,0.0
715,248,ACESSORIOS LIMPEZA/BAZAR,3.2054430380417784,72013.16
716,248,AGUA SANITARIA,2.644421572663648,89431.22
717,248,ALCOOL,1.8281834158811312,89599.82
718,248,ALVEJANTE/TIRA MANCHAS,4.172149032523673,120418.48
719,248,AMACIANTE CONCENTRADO,6.5,318371.35
720,248,AMACIANTE DILUIDO,2.358006110146622,68538.45
721,248,CERA P/ASSOALHOS,0.13673899371069184,5332.8099999999995
722,248,CLORO/PISCINA,0.1258388225607246,2509.29
723,248,CONCENTRADO LIMPEZA,8.873101440443536,180411.17
724,248,COZINHA/CAUSTICO,0.20743760399334446,18476.25
725,248,DESENGORDURANTE,1.3,32200.19
726,248,DESINFETANTES,4.766796575764449,105720.18
727,248,DESODORIZADOR SANITARIO,3.1871237338323652,99543.23
728,248,DETERGENTE LIQUIDO,3.8883696377732204,153391.57
729,248,ESPONJA SINTETICA,3.0906953136471818,59469.96
730,248,EVITA MOFO,1.2157759326394573,40960.77
731,248,INSETICIDAS,10.12676820122303,75938.59999999999
732,248,LAS DE ACO,0.25605752696576517,9696.0
733,248,LENCO HIGIENICO UMEDECIDO,0.7783086312394568,15080.97
734,248,LIMPA CARPETE,0.03708176100628931,1867.8
735,248,LIMPA VIDROS,0.7365074293018053,28350.79
736,248,LIMPADORES C/BRILHO,0.22979566817781663,10623.4
737,248,LIMPEZA ESPECIFICA/POLIDORES,0.10363870542019857,6643.82
738,248,LIMPEZA ROUPA,0.3058460708848362,15949.3
739,248,LOJAS ADQUIRIDAS LIMPEZA,0.0,3356.19
740,248,LUSTRA MOVEIS,0.25283018867924534,24050.79
741,248,LUVAS,1.0906100068540097,19659.92
742,248,PANOS LIMPEZA,2.6353091548170635,62043.45
743,248,PAPEL HIGIENICO,9.635794368856045,969467.01
744,248,PRENDEDOR/ VARAL,0.5596542590269065,15064.21
745,248,PROD. P/MAQUINA LAVAR LOUCA,1.3,51640.31
746,248,PRODUTOS LIMPEZA BANHEIRO,2.0,67046.72
747,248,PROTECAO SAPATO,0.07943081761006289,5531.79
748,248,PURIFICADOR AR/ROUPA,2.720035914082464,84502.2
749,248,REPELENTE INSETO/COSMETICO,0.4732317987769701,14842.31
750,248,SABAO BARRA,1.7954970026488222,32586.51
751,248,SABAO EM PO,7.800000000000001,343519.29
752,248,SABAO LIQUIDO,6.459955304563163,430972.37
753,248,SACO P/LIXO,2.6,176251.44
754,248,SAPONACEO,1.0289683860232948,51805.49
755,248,VASSOURA,2.4645975802209366,23401.23
756,256,(DESATIVADA)AMACIANTE,0.0,0.0
757,256,ACESSORIOS LIMPEZA/BAZAR,3.4622323091630838,32165.54
758,256,AGUA SANITARIA,2.460856498873028,60739.47
759,256,ALCOOL,1.2386267902274644,45518.01
760,256,ALVEJANTE/TIRA MANCHAS,2.2474830954169795,50798.68
761,256,AMACIANTE CONCENTRADO,5.0,173707.41999999998
762,256,AMACIANTE DILUIDO,1.7996664442961976,46451.43
763,256,CERA P/ASSOALHOS,0.2774869109947644,2192.89
764,256,CLORO/PISCINA,0.1325319308790383,1849.73
765,256,CONCENTRADO LIMPEZA,6.198735267624202,95691.79
766,256,COZINHA/CAUSTICO,0.16305048335123523,5748.86
767,256,DESENGORDURANTE,2.0,20060.329999999998
768,256,DESINFETANTES,3.810890672665309,51417.63
769,256,DESODORIZADOR SANITARIO,2.227300720568963,60816.549999999996
770,256,DETERGENTE LIQUIDO,4.0,98213.29
771,256,ESPONJA SINTETICA,3.6107188122397247,35146.39
772,256,EVITA MOFO,0.9358091077129894,12377.42
773,256,INSETICIDAS,8.267692096300161,76424.69
774,256,LAS DE ACO,0.38928118776027526,5480.92
775,256,LENCO HIGIENICO UMEDECIDO,0.4744549372186031,3865.54
776,256,LIMPA CARPETE,0.0368586387434555,500.24
777,256,LIMPA VIDROS,0.7255686604886268,9964.699999999999
778,256,LIMPADORES C/BRILHO,0.2552788566382208,3816.45
779,256,LIMPEZA ESPECIFICA/POLIDORES,0.10077590905267658,1848.67
780,256,LIMPEZA ROUPA,0.2532658359928296,4511.76
781,256,LOJAS ADQUIRIDAS LIMPEZA,0.0,0.0
782,256,LUSTRA MOVEIS,0.3761256544502618,10131.6
783,256,LUVAS,0.8425255102040816,7740.92
784,256,PANOS LIMPEZA,2.035804549283909,23121.35
785,256,PAPEL HIGIENICO,9.31311702935554,628335.76
786,256,PRENDEDOR/ VARAL,0.42736077481840196,8783.53
787,256,PROD. P/MAQUINA LAVAR LOUCA,1.0,15363.97
788,256,PRODUTOS LIMPEZA BANHEIRO,2.0,35405.07
789,256,PROTECAO SAPATO,0.08858638743455496,3601.56
790,256,PURIFICADOR AR/ROUPA,2.098986566108885,60508.14
791,256,REPELENTE INSETO/COSMETICO,2.7323079036998394,21085.73
792,256,SABAO BARRA,1.3839501902455897,25058.95
793,256,SABAO EM PO,7.0,270227.56
794,256,SABAO LIQUIDO,5.949922264953768,215878.48
795,256,SACO P/LIXO,2.0,80676.04
796,256,SAPONACEO,0.7862513426423201,22118.53
797,256,VASSOURA,1.9064966605950213,16553.38
798,264,(DESATIVADA)AMACIANTE,0.0,0.0
799,264,ACESSORIOS LIMPEZA/BAZAR,1.4210255145391675,35144.87
800,264,AGUA SANITARIA,0.9389247311827957,81696.21
801,264,ALCOOL,1.2386267902274644,74113.66
802,264,ALVEJANTE/TIRA MANCHAS,2.204301075268817,91203.23
803,264,AMACIANTE CONCENTRADO,3.0,227483.56
804,264,AMACIANTE DILUIDO,1.7996664442961976,75349.69
805,264,CERA P/ASSOALHOS,0.2893923789907312,10121.74
806,264,CLORO/PISCINA,0.1806451612903226,1019.6800000000001
807,264,CONCENTRADO LIMPEZA,2.704959021663937,159056.97
808,264,COZINHA/CAUSTICO,0.16305048335123523,10885.619999999999
809,264,DESENGORDURANTE,1.0,32862.68
810,264,DESINFETANTES,1.9000582735904505,70529.33
811,264,DESODORIZADOR SANITARIO,1.0104426433915212,64950.65
812,264,DETERGENTE LIQUIDO,3.0,140478.23
813,264,ESPONJA SINTETICA,1.809633433681601,47003.21
814,264,EVITA MOFO,0.9404613466334165,23398.1
815,264,INSETICIDAS,0.9716683389583142,49703.88
816,264,LAS DE ACO,0.19036656631839913,10338.6
817,264,LENCO HIGIENICO UMEDECIDO,0.5837256259710334,7749.75
818,264,LIMPA CARPETE,0.03625128733264675,960.39
819,264,LIMPA VIDROS,0.7255686604886268,16843.69
820,264,LIMPADORES C/BRILHO,0.2270888266849568,12376.24
821,264,LIMPEZA ESPECIFICA/POLIDORES,0.09189573042589236,2428.0099999999998
822,264,LIMPEZA ROUPA,0.24942956567886487,8569.369999999999
823,264,LOJAS ADQUIRIDAS LIMPEZA,0.0,0.0
824,264,LUSTRA MOVEIS,0.3699279093717817,19156.4
825,264,LUVAS,0.1669316375198728,9304.8
826,264,PANOS LIMPEZA,0.8688729117640361,47058.86
827,264,PAPEL HIGIENICO,4.46524064171123,914949.28
828,264,PRENDEDOR/ VARAL,0.42736077481840196,12354.18
829,264,PROD. P/MAQUINA LAVAR LOUCA,1.0,43441.97
830,264,PRODUTOS LIMPEZA BANHEIRO,1.0,58937.64
831,264,PROTECAO SAPATO,0.08712667353244077,5940.98
832,264,PURIFICADOR AR/ROUPA,1.0,56548.42
833,264,REPELENTE INSETO/COSMETICO,6.228331661041685,7316.88
834,264,SABAO BARRA,1.3839501902455897,31138.059999999998
835,264,SABAO EM PO,5.028676730448831,305370.07
836,264,SABAO LIQUIDO,3.930125713131721,338269.25
837,264,SACO P/LIXO,1.0,105782.61
838,264,SAPONACEO,0.7862513426423201,46170.0
839,264,VASSOURA,1.1300219138056977,14225.48
840,272,(DESATIVADA)AMACIANTE,0.0,0.0
841,272,ACESSORIOS LIMPEZA/BAZAR,2.73485525752636,68585.45
842,272,AGUA SANITARIA,1.3351907415345048,126980.85
843,272,ALCOOL,1.2386267902274644,85068.49
844,272,ALVEJANTE/TIRA MANCHAS,2.2301757393913415,103578.86
845,272,AMACIANTE CONCENTRADO,5.0,323546.68
846,272,AMACIANTE DILUIDO,1.7669756609890863,117182.21
847,272,CERA P/ASSOALHOS,0.2893923789907312,8520.21
848,272,CLORO/PISCINA,0.11637376768109729,1752.48
849,272,CONCENTRADO LIMPEZA,6.385538284344838,193448.48
850,272,COZINHA/CAUSTICO,0.17053571428571426,12212.66
851,272,DESENGORDURANTE,1.0,34493.32
852,272,DESINFETANTES,2.7352045182967126,84339.27
853,272,DESODORIZADOR SANITARIO,2.2145834491191017,94941.34
854,272,DETERGENTE LIQUIDO,4.037505357908272,187178.37
855,272,ESPONJA SINTETICA,2.8096334336816007,58605.35
856,272,EVITA MOFO,0.0,35214.35
857,272,INSETICIDAS,6.78368380923081,92655.97
858,272,LAS DE ACO,0.19036656631839913,14743.28
859,272,LENCO HIGIENICO UMEDECIDO,0.6218792241461187,10708.449999999999
860,272,LIMPA CARPETE,0.03625128733264675,896.5699999999999
861,272,LIMPA VIDROS,0.7255686604886268,27841.309999999998
862,272,LIMPADORES C/BRILHO,0.27328191535727314,5225.75
863,272,LIMPEZA ESPECIFICA/POLIDORES,0.08936344933194618,3872.18
864,272,LIMPEZA ROUPA,0.23302433901091374,7498.74
865,272,LOJAS ADQUIRIDAS LIMPEZA,0.0,0.0
866,272,LUSTRA MOVEIS,0.3699279093717817,23965.59
867,272,LUVAS,1.0,15784.69
868,272,PANOS LIMPEZA,2.035804549283909,58961.26
869,272,PAPEL HIGIENICO,8.208692269215804,1256933.23
870,272,PRENDEDOR/ VARAL,0.42736077481840196,17523.92
871,272,PROD. P/MAQUINA LAVAR LOUCA,1.0,37287.54
872,272,PRODUTOS LIMPEZA BANHEIRO,2.0,60253.53
873,272,PROTECAO SAPATO,0.08712667353244077,6466.4
874,272,PURIFICADOR AR/ROUPA,2.0465180903684765,88310.69
875,272,REPELENTE INSETO/COSMETICO,2.2163161907691897,18909.95
876,272,SABAO BARRA,1.3839501902455897,43260.37
877,272,SABAO EM PO,5.0,553908.4
878,272,SABAO LIQUIDO,5.949922264953768,385272.35
879,272,SACO P/LIXO,2.0,143912.38
880,272,SAPONACEO,0.7901785714285714,45582.79
881,272,VASSOURA,1.4661921708185053,32666.91
882,299,(DESATIVADA)AMACIANTE,0.0,0.0
883,299,ACESSORIOS LIMPEZA/BAZAR,2.4869143898337174,30887.84
884,299,AGUA SANITARIA,1.3438035374945183,64098.11
885,299,ALCOOL,1.2386267902274644,55469.75
886,299,ALVEJANTE/TIRA MANCHAS,2.261429615553282,60285.01
887,299,AMACIANTE CONCENTRADO,5.0,231252.19999999998
888,299,AMACIANTE DILUIDO,2.720160943269604,96125.51
889,299,CERA P/ASSOALHOS,0.2893923789907312,9860.5
890,299,CLORO/PISCINA,0.1215260926765093,1447.53
891,299,CONCENTRADO LIMPEZA,5.947151164578195,116611.92
892,299,COZINHA/CAUSTICO,0.15893587994542974,12154.18
893,299,DESENGORDURANTE,1.0,21637.26
894,299,DESINFETANTES,2.885855385128687,51011.36
895,299,DESODORIZADOR SANITARIO,2.3156013487415166,65351.87
896,299,DETERGENTE LIQUIDO,2.88,139961.12
897,299,ESPONJA SINTETICA,1.7696334336816009,40684.88
898,299,EVITA MOFO,0.9358091077129894,15839.56
899,299,INSETICIDAS,1.6297662976629768,40700.479999999996
900,299,LAS DE ACO,0.19036656631839913,10783.31
901,299,LENCO HIGIENICO UMEDECIDO,0.5916170494544688,5470.12
902,299,LIMPA CARPETE,0.03625128733264675,429.33
903,299,LIMPA VIDROS,0.7255686604886268,15374.38
904,299,LIMPADORES C/BRILHO,0.249873283167335,3633.68
905,299,LIMPEZA ESPECIFICA/POLIDORES,0.11229548542750788,2722.64
906,299,LIMPEZA ROUPA,0.33277133701942296,4966.41
907,299,LOJAS ADQUIRIDAS LIMPEZA,0.0,0.0
908,299,LUSTRA MOVEIS,0.3699279093717817,14229.73
909,299,LUVAS,0.8395061728395061,9221.44
910,299,PANOS LIMPEZA,2.035804549283909,29580.27
911,299,PAPEL HIGIENICO,7.110850989113894,782978.85
912,299,PRENDEDOR/ VARAL,0.42736077481840196,11413.18
913,299,PROD. P/MAQUINA LAVAR LOUCA,1.0,16543.37
914,299,PRODUTOS LIMPEZA BANHEIRO,0.95,33719.15
915,299,PROTECAO SAPATO,0.08712667353244077,6140.6
916,299,PURIFICADOR AR/ROUPA,1.0884935034531196,57113.759999999995
917,299,REPELENTE INSETO/COSMETICO,3.2502337023370234,10160.77
918,299,SABAO BARRA,1.3839501902455897,37958.799999999996
919,299,SABAO EM PO,6.760814371257485,527330.33
920,299,SABAO LIQUIDO,4.700550898203593,188714.46
921,299,SACO P/LIXO,2.0,100224.17
922,299,SAPONACEO,0.7874033651659845,33329.87
923,299,VASSOURA,1.8746268656716418,18944.2
